model,validation_roc_auc,validation_pr_auc,test_roc_auc_before_refit,test_pr_auc_before_refit
logistic_regression,0.9299717514124294,0.85147038769862,0.9997083894122925,0.9988067597036328
random_forest,0.9768220338983051,0.9108315034108609,0.9989382383729624,0.9955701365288945
extra_trees,0.9820762711864406,0.9228862524754793,0.9996336174667264,0.9984694791677549
hist_gradient_boosting,0.9766101694915253,0.9159083770744878,0.9994616419919247,0.9976773183839913
